pie,area
0.3434152,0.4372136
