pie,area
0.4125351,0.4137962
