PartipantID,TrialIndex,ChartName,TruePercentage,ReportedPercentage,Error
p.2017-11-1.14-9-30,0,BarChart,72.72108,75.0,1.2653908
p.2017-11-1.14-9-30,1,PieChart,49.171543,50.0,-0.0687604
p.2017-11-1.14-9-30,2,BarChart,51.792244,60.0,3.0587935
p.2017-11-1.14-9-30,3,PieChart,67.62243,65.0,1.4580822
p.2017-11-1.14-9-30,4,BarChart,41.783863,40.0,0.93271357
p.2017-11-1.14-9-30,5,PieChart,32.916534,33.0,-2.2621188
