PartipantID,TrialIndex,ChartName,TruePercentage,ReportedPercentage,Error
p.2017-11-1.14-11-52,0,BarChart,54.78917,55.0,-1.574194
p.2017-11-1.14-11-52,1,PieChart,71.1358,80.0,3.1681921
p.2017-11-1.14-11-52,2,BarChart,54.06924,50.0,2.0684094
p.2017-11-1.14-11-52,3,PieChart,56.897808,60.0,1.6902794
p.2017-11-1.14-11-52,4,BarChart,62.011242,60.0,1.095075
p.2017-11-1.14-11-52,5,PieChart,65.91263,70.0,2.0746326
