PartipantID,TrialIndex,ChartName,TruePercentage,ReportedPercentage,Error
p.2017-11-2.8-40-46,0,BarChart,89.0144,85.0,2.0494204
p.2017-11-2.8-40-46,1,PieChart,60.954395,50.0,3.4698071
p.2017-11-2.8-40-46,2,BarChart,66.181984,85.0,4.243594
p.2017-11-2.8-40-46,3,PieChart,77.08485,60.0,4.105162
p.2017-11-2.8-40-46,4,BarChart,85.31345,85.0,-1.1895037
p.2017-11-2.8-40-46,5,PieChart,77.51314,60.0,4.1406264
