PartipantID,TrialIndex,ChartName,TruePercentage,ReportedPercentage,Error
p.2017-11-2.8-50-38,0,BarChart,45.52173,50.0,2.2026596
p.2017-11-2.8-50-38,1,PieChart,71.98706,80.0,3.0246637
p.2017-11-2.8-50-38,2,BarChart,31.800117,30.0,0.94494647
p.2017-11-2.8-50-38,3,PieChart,48.77853,50.0,0.42918196
p.2017-11-2.8-50-38,4,BarChart,40.61346,50.0,3.2496789
p.2017-11-2.8-50-38,5,PieChart,75.1772,75.0,-1.7264229
