PartipantID,TrialIndex,ChartName,TruePercentage,ReportedPercentage,Error
p.2017-11-1.21-51-5,0,BarChart,20.90246,15.0,2.59155
p.2017-11-1.21-51-5,1,PieChart,65.07837,50.0,3.9263191
p.2017-11-1.21-51-5,2,BarChart,27.051493,25.0,1.1220052
p.2017-11-1.21-51-5,3,PieChart,92.634926,98.0,2.4568257
p.2017-11-1.21-51-5,4,BarChart,98.78835,100.0,0.41861853
p.2017-11-1.21-51-5,5,PieChart,69.06896,87.0,4.1744094
