PartipantID,TrialIndex,ChartName,TruePercentage,ReportedPercentage,Error
p.2017-11-1.14-17-59,0,BarChart,47.15755,48.0,-0.047742207
p.2017-11-1.14-17-59,1,PieChart,23.579126,12.0,3.5489452
p.2017-11-1.14-17-59,2,BarChart,71.43286,70.0,0.6395668
p.2017-11-1.14-17-59,3,PieChart,22.57942,18.0,2.234017
p.2017-11-1.14-17-59,4,BarChart,66.87373,65.0,0.99908614
p.2017-11-1.14-17-59,5,PieChart,69.18758,80.0,3.451201
