PartipantID,TrialIndex,ChartName,TruePercentage,ReportedPercentage,Error
p.2017-11-2.8-47-29,0,BarChart,70.28875,70.0,-1.2731699
p.2017-11-2.8-47-29,1,PieChart,73.786644,80.0,2.6641088
p.2017-11-2.8-47-29,2,BarChart,27.379517,25.0,1.3245322
p.2017-11-2.8-47-29,3,PieChart,65.985115,80.0,3.8216984
p.2017-11-2.8-47-29,4,BarChart,93.60256,95.0,0.6063835
p.2017-11-2.8-47-29,5,PieChart,82.12892,100.0,4.1696105
